front;back;tags
Les quatre étapes du traitement de l'information par un neurone biologique ?;"1) Des <b>neurotransmetteurs</b> se fixent sur des récepteurs ; 2) chaque fixation crée un petit signal électrique, <b>positif ou négatif</b> ; 3) les signaux d'un court intervalle s'<b>additionnent</b> et le total est comparé à un <b>seuil</b> ; 4) au-delà, le neurone <b>décharge</b> (tout ou rien) le long de l'axone et libère à son tour des neurotransmetteurs.";dlwb::ch10::neurone_biologique
Qu'est-ce qu'un connectome ?;La carte de <b>toutes les connexions</b> entre les neurones d'un individu, propre à chacun comme une empreinte digitale. Premier connectome complet du cerveau d'un insecte adulte : la mouche du vinaigre (FlyWire, 2024 : 139 255 neurones, environ 54,5 millions de synapses).;dlwb::ch10::connectome
Que garde un neurone artificiel d'un vrai neurone, et pourquoi dit-on parfois « unité » ?;Il garde le squelette : une <b>somme pondérée</b> de signaux, puis une <b>décision</b>. Il jette la chimie, la forme des dendrites, le moment des impulsions, la plasticité réelle. C'est une abstraction si simplifiée que beaucoup préfèrent le mot neutre d'<b>unité</b> : « neurone » est une métaphore.;dlwb::ch10::neurone_artificiel
McCulloch et Pitts (1943) : qu'ont-ils montré, et que manquait-il à leurs neurones ?;Que des réseaux de <b>neurones formels</b> (entrées binaires, somme, seuil) peuvent réaliser, sous certaines conditions, toute expression <b>logique</b> : des neurones peuvent calculer. Il leur manquait l'<b>apprentissage</b> : poids et seuils étaient fixés à la main.;dlwb::ch10::mcculloch_pitts
Le perceptron de Rosenblatt (1957) : que calcule-t-il ? Que sort-il si la somme vaut exactement 0 ?;\(z = \sum_j w_j x_j = \mathbf{w}\cdot\mathbf{x}\), puis \(+1\) si \(z > 0\), \(-1\) sinon : une somme <b>nulle donne −1</b> (attention, <code>np.sign(0)</code> vaut 0). Certaines versions sortent 1 et 0.;dlwb::ch10::perceptron
Le Mark I Perceptron : quand, quoi, comment apprenait-il ?;"Machine présentée en public en <b>1960</b> (Cornell Aeronautical Laboratory) : <b>400 photocellules</b> en carré de <b>20 × 20</b>, reliées au hasard à 512 unités d'association ; les poids des 8 unités de réponse étaient des <b>potentiomètres</b> tournés par des <b>moteurs électriques</b>.";dlwb::ch10::mark_i
Séparabilité linéaire : définition, et deux exemples ?;"Deux classes sont linéairement séparables s'il existe un hyperplan \(\mathbf{w}\cdot\mathbf{x} + b = 0\) qui laisse chaque classe d'un côté. Un perceptron ne classe parfaitement que ces données. AND, OR, NAND le sont ; <b>XOR</b> ne l'est pas.";dlwb::ch10::separabilite
Pourquoi aucun perceptron ne calcule XOR ? (la preuve en deux lignes);"Il faudrait \(b \le 0\), \(w_1 + b > 0\), \(w_2 + b > 0\) et \(w_1 + w_2 + b \le 0\). La somme des deux du milieu donne \(w_1 + w_2 + b > -b \ge 0\) : contradiction. Géométriquement : \(s\) étant affine, \(s(0{,}5;0{,}5)\) serait à la fois la moyenne de deux valeurs \(> 0\) et de deux valeurs \(\le 0\).";dlwb::ch10::xor
La règle d'apprentissage du perceptron ?;Labels \(y \in \{-1, +1\}\), départ \(\mathbf{w} = \mathbf{0}\), \(b = 0\). Pour chaque exemple <b>mal classé</b>, c'est-à-dire \(y(\mathbf{w}\cdot\mathbf{x} + b) \le 0\) (somme nulle comprise) : \(\mathbf{w} \leftarrow \mathbf{w} + \eta\,y\,\mathbf{x}\), \(b \leftarrow b + \eta\,y\). Arrêt après une epoch sans correction.;dlwb::ch10::regle
Le théorème de convergence du perceptron (Novikoff, 1962) ?;Si \(\lVert\mathbf{x}_i\rVert \le R\) et qu'un vecteur unitaire \(\mathbf{u}\) sépare les données avec une marge \(\gamma\) (\(y_i\,\mathbf{u}\cdot\mathbf{x}_i \ge \gamma\)), la règle <b>sans biais, partie de zéro</b>, fait <b>au plus \((R/\gamma)^2\) corrections</b>, quels que soient l'ordre, \(\eta\), le nombre d'exemples et la dimension. Preuve (\(\eta = 1\)) : \(\mathbf{u}\cdot\mathbf{w}_k \ge k\gamma\), \(\lVert\mathbf{w}_k\rVert^2 \le kR^2\), puis Cauchy-Schwarz. Avec un biais : le même théorème, appliqué aux vecteurs \((1, \mathbf{x}_i)\).;dlwb::ch10::convergence
Que fait le perceptron sur des données non linéairement séparables ?;Il ne connaît <b>jamais</b> d'epoch sans erreur : il tourne jusqu'à <code>max_iter</code> sans converger, et les poids de la dernière epoch dépendent des dernières corrections. On limite les epochs et l'on moyenne les poids successifs (perceptron moyenné).;dlwb::ch10::non_separable
Pourquoi standardiser les entrées d'un perceptron ?;"Une correction ajoute \(\pm\eta\,\mathbf{x}\) aux poids, mais seulement \(\pm\eta\) au biais. Avec une feature de l'ordre de milliers (une masse en grammes), les sommes \(z\) se comptent en millions et le biais, corrigé par petits pas, ne rattrape jamais : la frontière reste près de l'origine, loin des données (0,678 au lieu de 0,983 sur les manchots, 📦 10.18). Standardiser met les features, et le biais, à la même échelle.";dlwb::ch10::standardisation
Minsky et Papert (1969) : qu'ont-ils prouvé, et que leur a-t-on fait dire ?;Ils ont prouvé les limites des perceptrons à <b>une couche</b> de poids appris dont les unités ne voient chacune qu'une partie de l'image (parité, dont XOR, connexité). Le récit « le livre a tué les réseaux » est trop simple : l'abandon avait plusieurs causes et ils ne démontraient rien sur les réseaux à plusieurs couches. La rétropropagation, esquissée par Werbos (1974) et rendue célèbre par Rumelhart, Hinton et Williams (1986), a relancé le domaine.;dlwb::ch10::histoire
Les deux changements qui font passer du perceptron au neurone moderne ?;"À l'entrée, un <b>biais</b> \(b\) ajouté à la somme ; à la sortie, une <b>fonction d'activation</b> \(f\) à la place du seuil : \(a = f(\mathbf{w}\cdot\mathbf{x} + b)\).";dlwb::ch10::neurone_moderne
À quoi sert le biais d'un neurone ?;Il <b>déplace la frontière</b> : sans lui, \(\mathbf{w}\cdot\mathbf{x} = 0\) passe toujours par l'origine (avec des entrées 0/1, AND devient impossible). C'est un seuil réglable (\(\mathbf{w}\cdot\mathbf{x} > -b\)), l'intercept du ch. 9, qu'on ne pénalise pas en général.;dlwb::ch10::biais
L'astuce du biais ?;"On ajoute une entrée constante égale à 1 dont le poids est \(b\) : \(\tilde{\mathbf{x}} = (1, \mathbf{x})\), \(\tilde{\mathbf{w}} = (b, \mathbf{w})\), \(z = \tilde{\mathbf{w}}\cdot\tilde{\mathbf{x}}\). Pour un batch : une colonne de 1 en tête de \(\mathbf{X}\). Même fonction, formules plus simples ; les bibliothèques gardent pourtant un vecteur de biais séparé.";dlwb::ch10::astuce_biais
Pourquoi remplacer le seuil par une activation dérivable ?;Pour entraîner un réseau à plusieurs couches par <b>descente de gradient</b> (rétropropagation), il faut savoir comment un petit changement de poids modifie la sortie. La dérivée du seuil est <b>nulle partout</b> (et n'existe pas en 0). Et sans non-linéarité, empiler des couches ne donne qu'une fonction affine. Aujourd'hui : ReLU, GELU, SiLU.;dlwb::ch10::activation
Le poids « AD » d'un schéma : que désigne-t-il, et où le ranger dans une matrice ?;Le poids qui multiplie la sortie de <b>A</b> avant son entrée dans <b>D</b> (certains auteurs écrivent DA). mylearn : \(\mathbf{W}\) de forme \((n_{in}, n_{out})\), \(W_{AD}\) en ligne A, colonne D, et \(\mathbf{Z} = \mathbf{X}\mathbf{W} + \mathbf{b}\). PyTorch <code>nn.Linear</code> : <code>weight</code> de forme \((n_{out}, n_{in})\) et <code>x @ weight.T + bias</code>, la transposée.;dlwb::ch10::convention_poids
